<?xml version="1.0" encoding="UTF-8"?>
<manifest xmlns="http://www.imsproject.org/xsd/imscp_rootv1p1p2" xmlns:xsi="http://www.w3.org/2001/XMLSchema-instance" xmlns:adlcp="http://www.adlnet.org/xsd/adlcp_rootv1p2" identifier="EDC_InstallationConfiguration_A" version="1.1" xsi:schemaLocation="http://www.imsproject.org/xsd/imscp_rootv1p1p2 imscp_rootv1p1p2.xsd                   http://www.imsglobal.org/xsd/imsmd_rootv1p2p1 imsmd_rootv1p2p1.xsd                   http://www.adlnet.org/xsd/adlcp_rootv1p2 adlcp_rootv1p2.xsd">
<metadata>
<schema>ADL SCORM</schema>
<schemaversion>1.2</schemaversion>
</metadata>
<organizations default="O_EDC_InstallationConfiguration_A">
<organization identifier="O_EDC_InstallationConfiguration_A">
<title><![CDATA[EDC_InstallationConfiguration_A]]></title>
<item identifier="I_sco_sKhr8BZGYLbGJq6DUqT6vd_n1" identifierref="R_sco_sKhr8BZGYLbGJq6DUqT6vd_n1" isvisible="true">
<title><![CDATA[Étude de cas - Installation Configuration de l'outil Dolibarr]]></title>
</item>
</organization>
</organizations>
<resources>
<resource identifier="R_sco_sKhr8BZGYLbGJq6DUqT6vd_n1" type="webcontent" adlcp:scormtype="sco" href="co/ctx_item-a.html">
<dependency identifierref="fullResList"/>
</resource>
<resource identifier="fullResList" type="webcontent" adlcp:scormtype="asset">
<file href="co/Cours.html"/>
<file href="co/Cours.txt"/>
<file href="co/Cours_1.html"/>
<file href="co/Cours_2.html"/>
<file href="co/Cours_3.html"/>
<file href="co/Cours_4.html"/>
<file href="co/Cours_5.html"/>
<file href="co/Cours_6.html"/>
<file href="co/Cours_7.html"/>
<file href="co/Cours_web.html"/>
<file href="co/ctx_item-a.html"/>
<file href="lib-md/s_lmsHack/lmsHack.js"/>
<file href="lib-md/s_markedPages/markedPage.js"/>
<file href="lib-md/s_scorm.js"/>
<file href="lib-md/s_scSearch/scSearch.js"/>
<file href="lib-md/w_mathjax/mathjaxMgr.js"/>
<file href="lib-md/w_outMgr/outMgr.js"/>
<file href="lib-md/w_scCodeMgr/scCodeMgr.css"/>
<file href="lib-md/w_scCodeMgr/scCodeMgr.js"/>
<file href="lib-md/w_scImgMgr/scImgMgr.css"/>
<file href="lib-md/w_scImgMgr/scImgMgr.js"/>
<file href="lib-md/w_scMediaMgr/scMediaMgr.js"/>
<file href="lib-md/w_scormMgr/scormMgr.js"/>
<file href="lib-md/w_searchMgr/searchMgr.js"/>
<file href="lib-md/w_tplMgr/tplMgr.js"/>
<file href="lib-sc/assmntDhtmlTransf/empty.gif"/>
<file href="lib-sc/assmntDhtmlTransf/select.gif"/>
<file href="lib-sc/scAssmntMgr.js"/>
<file href="lib-sc/scCoLib.js"/>
<file href="lib-sc/scDragMgr.js"/>
<file href="lib-sc/scDynUiMgr.js"/>
<file href="lib-sc/scMapMgr.js"/>
<file href="lib-sc/scPaLib.js"/>
<file href="lib-sc/scSiLib.js"/>
<file href="lib-sc/scTiLib.js"/>
<file href="lib-sc/scTooltipMgr.js"/>
<file href="res/activite.png"/>
<file href="res/comptable.png"/>
<file href="res/CorigeEDC.pdf"/>
<file href="res/ExempleFacture.pdf"/>
<file href="res/facture.png"/>
<file href="res/FeuilleDEmargement.pdf"/>
<file href="res/gerant.png"/>
<file href="res/Logo.png"/>
<file href="res/LogoDOLex.png"/>
<file href="res/LogoDOLIEx.svg"/>
<file href="res/personnel.png"/>
<file href="res/pointage.png"/>
<file href="res/ResHumaines.png"/>
<file href="res/Ressources.png"/>
<file href="skin/css/main.css"/>
<file href="skin/css/print.css"/>
<file href="skin/css/skin.css"/>
<file href="skin/font/fontello.eot"/>
<file href="skin/font/fontello.svg"/>
<file href="skin/font/fontello.ttf"/>
<file href="skin/font/fontello.woff"/>
<file href="skin/img/code/buttons.png"/>
<file href="skin/img/content/blocks.svg"/>
<file href="skin/img/content/buttons.svg"/>
<file href="skin/img/content/ico.svg"/>
<file href="skin/img/lic/by-nc-nd.png"/>
<file href="skin/img/lic/by-nc-sa.png"/>
<file href="skin/img/lic/by-nc.png"/>
<file href="skin/img/lic/by-nd.png"/>
<file href="skin/img/lic/by-sa.png"/>
<file href="skin/img/lic/by.png"/>
<file href="skin/img/lic/gnu-fdl.png"/>
<file href="skin/img/lic/publicdomain.png"/>
<file href="skin/img/lic/zero.png"/>
<file href="skin/img/player/icons.svg"/>
<file href="skin/img/quiz/dragArrow.gif"/>
<file href="skin/img/quiz/drop.gif"/>
<file href="skin/img/quiz/eval.svg"/>
<file href="skin/img/quiz/explain.png"/>
<file href="skin/img/quiz/practClose.png"/>
<file href="skin/img/quiz/practOpen.png"/>
<file href="skin/img/quiz/quest.png"/>
<file href="skin/img/quiz/score.png"/>
<file href="skin/img/quiz/sol.png"/>
<file href="skin/img/richStream/icons.svg"/>
<file href="skin/img/richStream/videoPlayPause.svg"/>
<file href="skin/img/search/find.svg"/>
<file href="skin/img/search/schBtn.svg"/>
<file href="skin/img/search/schMnuTgle.svg"/>
<file href="skin/img/search/schPgeRank.svg"/>
<file href="skin/img/tpl/back-bottom-straight.svg"/>
<file href="skin/img/tpl/back-bottom.svg"/>
<file href="skin/img/tpl/back-home.svg"/>
<file href="skin/img/tpl/back-menu.svg"/>
<file href="skin/img/tpl/back-top-straight.svg"/>
<file href="skin/img/tpl/back-top.svg"/>
<file href="skin/img/tpl/button-exit.svg"/>
<file href="skin/img/tpl/button-resume.svg"/>
<file href="skin/img/tpl/button-start.svg"/>
<file href="skin/img/tpl/buttons.svg"/>
<file href="skin/img/tpl/gallery.svg"/>
<file href="skin/img/tpl/menu-bullet-default.svg"/>
<file href="skin/img/tpl/menu-bullet-quiz.svg"/>
<file href="skin/img/tpl/menu-scroller.svg"/>
<file href="skin/img/tpl/menu-toggle.svg"/>
<file href="skin/img/tpl/menu-tools.svg"/>
<file href="skin/img/tpl/mnuEmeraude.svg"/>
<file href="skin/img/tpl/mnuMobile.svg"/>
<file href="skin/img/tpl/scBtn.png"/>
<file href="skin/img/tpl/toolbar-quiz.svg"/>
<file href="skin/js/skin.js"/>
<file href="skin/player/flv.txt"/>
<file href="skin/player/mp3.txt"/>
<file href="skin/player/mp4.txt"/>
</resource>
</resources>
</manifest>
