<?xml version="1.0" encoding="UTF-8"?>
<manifest xmlns:xsi="http://www.w3.org/2001/XMLSchema-instance" xmlns:adlcp="http://www.adlnet.org/xsd/adlcp_rootv1p2" xmlns="http://www.imsproject.org/xsd/imscp_rootv1p1p2" identifier="C_DolibarrInstallation_B" version="1.1" xsi:schemaLocation="http://www.imsproject.org/xsd/imscp_rootv1p1p2 imscp_rootv1p1p2.xsd                   http://www.imsglobal.org/xsd/imsmd_rootv1p2p1 imsmd_rootv1p2p1.xsd                   http://www.adlnet.org/xsd/adlcp_rootv1p2 adlcp_rootv1p2.xsd">
<metadata>
<schema>ADL SCORM</schema>
<schemaversion>1.2</schemaversion>
</metadata>
<organizations default="O_C_DolibarrInstallation_B">
<organization identifier="O_C_DolibarrInstallation_B">
<title><![CDATA[Cours installation Dolibarr]]></title>
<item identifier="I_sco_OGBMm0wz5jcxJPWbnoGojb_n1" identifierref="R_sco_OGBMm0wz5jcxJPWbnoGojb_n1" isvisible="true">
<title><![CDATA[Installer Dolibarr, Sauvegarder et Restaurer ses données]]></title>
</item>
</organization>
</organizations>
<resources>
<resource identifier="R_sco_OGBMm0wz5jcxJPWbnoGojb_n1" type="webcontent" adlcp:scormtype="sco" href="co/ctx_item-a.html">
<dependency identifierref="fullResList"/>
</resource>
<resource identifier="fullResList" type="webcontent" adlcp:scormtype="asset">
<file href="co/INS_Q040_qcu_1.html"/>
<file href="co/INS_Q020_qcm_1.html"/>
<file href="co/Cours_10.html"/>
<file href="co/INS_Q165_qcu_1.html"/>
<file href="co/Cours_60.html"/>
<file href="co/INS_Q150_qcu.html"/>
<file href="co/INS_Q180_qcm.html"/>
<file href="co/Cours_5.html"/>
<file href="co/Cours_23.html"/>
<file href="co/Cours_35.html"/>
<file href="co/INS_Q056_qcu_1.html"/>
<file href="co/INS_Q055_qcu.html"/>
<file href="co/INS_Q170_qcu.html"/>
<file href="co/Cours_1.html"/>
<file href="co/INS_Q150_qcu_1.html"/>
<file href="co/Cours_54.html"/>
<file href="co/INS_Q165_qcu.html"/>
<file href="co/Cours_15.html"/>
<file href="co/Cours_26.html"/>
<file href="co/Cours_73.html"/>
<file href="co/Cours_22.html"/>
<file href="co/Cours_12.html"/>
<file href="co/Cours_20.html"/>
<file href="co/Cours_17.html"/>
<file href="co/Cours_web.html"/>
<file href="co/Cours_45.html"/>
<file href="co/INS_Q160_qcu_1.html"/>
<file href="co/INS_Q125_qcu_1.html"/>
<file href="co/INS_Q060_qcu_1.html"/>
<file href="co/Cours_61.html"/>
<file href="co/Cours_32.html"/>
<file href="co/Cours_27.html"/>
<file href="co/INS_Q160_qcu.html"/>
<file href="co/Cours_58.html"/>
<file href="co/Cours_47.html"/>
<file href="co/Cours_62.html"/>
<file href="co/Cours_9.html"/>
<file href="co/Cours_19.html"/>
<file href="co/Cours_2.html"/>
<file href="co/Cours_8.html"/>
<file href="co/INS_Q125_qcu.html"/>
<file href="co/INS_Q020_qcm.html"/>
<file href="co/INS_Q050_qcu.html"/>
<file href="co/Cours.txt"/>
<file href="co/INS_Q110_qcu_1.html"/>
<file href="co/INS_Q040_qcu.html"/>
<file href="co/Cours_70.html"/>
<file href="co/Cours_71.html"/>
<file href="co/Cours_66.html"/>
<file href="co/INS_Q180_qcm_1.html"/>
<file href="co/Cours_28.html"/>
<file href="co/Cours_16.html"/>
<file href="co/Cours_38.html"/>
<file href="co/Cours_24.html"/>
<file href="co/Cours_31.html"/>
<file href="co/Cours_49.html"/>
<file href="co/Cours_50.html"/>
<file href="co/Cours_65.html"/>
<file href="co/Cours_72.html"/>
<file href="co/INS_Q170_qcu_1.html"/>
<file href="co/Cours_53.html"/>
<file href="co/Cours_34.html"/>
<file href="co/Cours_40.html"/>
<file href="co/INS_Q010_qcm_1.html"/>
<file href="co/Cours_59.html"/>
<file href="co/Cours_56.html"/>
<file href="co/Cours_7.html"/>
<file href="co/Cours_36.html"/>
<file href="co/Cours_30.html"/>
<file href="co/Cours_13.html"/>
<file href="co/Cours_21.html"/>
<file href="co/Cours_11.html"/>
<file href="co/Cours_64.html"/>
<file href="co/Cours.html"/>
<file href="co/Cours_33.html"/>
<file href="co/Cours_52.html"/>
<file href="co/Cours_55.html"/>
<file href="co/Cours_6.html"/>
<file href="co/Cours_37.html"/>
<file href="co/Cours_69.html"/>
<file href="co/Cours_43.html"/>
<file href="co/Cours_63.html"/>
<file href="co/INS_Q050_qcu_1.html"/>
<file href="co/Cours_44.html"/>
<file href="co/INS_Q060_qcu.html"/>
<file href="co/Cours_46.html"/>
<file href="co/ctx_item-a.html"/>
<file href="co/Cours_39.html"/>
<file href="co/INS_Q090_qcu_1.html"/>
<file href="co/Cours_25.html"/>
<file href="co/Cours_57.html"/>
<file href="co/INS_Q190_qcu_1.html"/>
<file href="co/INS_Q090_qcu.html"/>
<file href="co/Cours_48.html"/>
<file href="co/Cours_41.html"/>
<file href="co/INS_Q055_qcu_1.html"/>
<file href="co/INS_Q140_qcu_1.html"/>
<file href="co/Cours_3.html"/>
<file href="co/INS_Q030_qcm.html"/>
<file href="co/INS_Q140_qcu.html"/>
<file href="co/Cours_42.html"/>
<file href="co/INS_Q200_qcu.html"/>
<file href="co/Cours_14.html"/>
<file href="co/INS_Q190_qcu.html"/>
<file href="co/Cours_67.html"/>
<file href="co/Cours_68.html"/>
<file href="co/Cours_29.html"/>
<file href="co/INS_Q056_qcu.html"/>
<file href="co/Cours_18.html"/>
<file href="co/Cours_4.html"/>
<file href="co/INS_Q010_qcm.html"/>
<file href="co/INS_Q110_qcu.html"/>
<file href="co/Cours_51.html"/>
<file href="co/INS_Q200_qcu_1.html"/>
<file href="co/INS_Q030_qcm_1.html"/>
<file href="lib-md/w_mathjax/mathjaxMgr.js"/>
<file href="lib-md/w_outMgr/outMgr.js"/>
<file href="lib-md/w_scMediaMgr/scMediaMgr.js"/>
<file href="lib-md/s_lmsHack/lmsHack.js"/>
<file href="lib-md/w_scImgMgr/scImgMgr.css"/>
<file href="lib-md/w_scImgMgr/scImgMgr.js"/>
<file href="lib-md/s_scorm.js"/>
<file href="lib-md/w_tplMgr/tplMgr.js"/>
<file href="lib-md/w_scCodeMgr/scCodeMgr.js"/>
<file href="lib-md/w_scCodeMgr/scCodeMgr.css"/>
<file href="lib-md/s_markedPages/markedPage.js"/>
<file href="lib-md/w_scormMgr/scormMgr.js"/>
<file href="lib-md/s_scSearch/scSearch.js"/>
<file href="lib-md/w_searchMgr/searchMgr.js"/>
<file href="skin/img/richStream/videoPlayPause.svg"/>
<file href="skin/img/richStream/compl.svg"/>
<file href="skin/img/richStream/icons.svg"/>
<file href="skin/img/tpl/back-root.png"/>
<file href="skin/img/tpl/button-resume.svg"/>
<file href="skin/img/tpl/schMnuTgle.svg"/>
<file href="skin/img/tpl/code.png"/>
<file href="skin/img/tpl/schBtn.svg"/>
<file href="skin/img/tpl/find.svg"/>
<file href="skin/img/tpl/scBtn.png"/>
<file href="skin/img/lic/zero.png"/>
<file href="skin/img/lic/by-nc-nd.png"/>
<file href="skin/img/lic/by.png"/>
<file href="skin/img/lic/gnu-fdl.png"/>
<file href="skin/img/lic/by-nc.png"/>
<file href="skin/img/lic/by-nc-sa.png"/>
<file href="skin/img/lic/by-sa.png"/>
<file href="skin/img/lic/by-nd.png"/>
<file href="skin/img/lic/publicdomain.png"/>
<file href="skin/img/player/icons.svg"/>
<file href="skin/css/main.css"/>
<file href="skin/css/print.css"/>
<file href="skin/css/skin.css"/>
<file href="skin/font/fontello.woff"/>
<file href="skin/font/fontello.eot"/>
<file href="skin/font/fontello.svg"/>
<file href="skin/font/fontello.ttf"/>
<file href="skin/font/fontello.woff2"/>
<file href="skin/js/skin.js"/>
<file href="skin/player/mp3.txt"/>
<file href="skin/player/flv.txt"/>
<file href="skin/player/mp4.txt"/>
<file href="res/Ecran08-DoliWamp.png"/>
<file href="res/E-ModuleExtern-06_00.png"/>
<file href="res/Ecran05-DoliWamp.png"/>
<file href="res/E-ModuleExtern-02.png"/>
<file href="res/ER-Documents-02.png"/>
<file href="res/ER-Documents-06.png"/>
<file href="res/ES-Acces-04.png"/>
<file href="res/ER-Donnees-01_1.png"/>
<file href="res/ES-Principal-01.png"/>
<file href="res/ER-Acces-02.png"/>
<file href="res/E-ModuleExtern-08_000.png"/>
<file href="res/E-ModuleExtern-07_01_1.png"/>
<file href="res/french-flag-36_24.png"/>
<file href="res/E-ModuleExtern-10_1.png"/>
<file href="res/ES-Documents-01_1.PNG"/>
<file href="res/ER-Acces-04_1.png"/>
<file href="res/GIcone-DoliSaaS.png"/>
<file href="res/Ecran17-DoliWamp.png"/>
<file href="res/Ecran09-DoliWamp_1.png"/>
<file href="res/ES-Donnees-01_1.PNG"/>
<file href="res/ER-Acces-02_1.png"/>
<file href="res/Ecran05_03-Tel-SF-FireFox_1.PNG"/>
<file href="res/E-ModuleExtern-02_1.png"/>
<file href="res/E-ModuleExtern-11.png"/>
<file href="res/E-ModuleExtern-08.png"/>
<file href="res/Ecran14_01-DoliWamp.png"/>
<file href="res/Ecran02_01-Tel-FR_1.PNG"/>
<file href="res/ER-Documents-03.png"/>
<file href="res/ER-Donnees-02.png"/>
<file href="res/spain-36_24.png"/>
<file href="res/italy-36_24.png"/>
<file href="res/Ecran01_00-Tel-ORG.PNG"/>
<file href="res/Ecran16_01-DoliWamp.png"/>
<file href="res/E-ModuleExtern-15.png"/>
<file href="res/E-ModuleExtern-16_1.png"/>
<file href="res/ES-Donnees-01.PNG"/>
<file href="res/ES-TelechargerDocuments-01_1.PNG"/>
<file href="res/ER-Donnees-03.png"/>
<file href="res/E-ModuleExtern-12_1_2.png"/>
<file href="res/Ecran04-DoliWamp.png"/>
<file href="res/Ecran05_00-Tel-SF_1.PNG"/>
<file href="res/GIcone-Dolibarr.png"/>
<file href="res/E-ModuleExtern-08_000_1.png"/>
<file href="res/E-ModuleExtern-05_1.png"/>
<file href="res/Ecran11_00-DoliWamp_1.png"/>
<file href="res/E-ModuleExtern-13_1.png"/>
<file href="res/ER-Donnees-05.png"/>
<file href="res/Ecran01_00-DoliWamp_1.png"/>
<file href="res/ES-CopierDocumentsDeSauvegarde-02.PNG"/>
<file href="res/ES-CopierDocumentsDeSauvegarde-03_1.PNG"/>
<file href="res/Ecran07_00-DoliWamp.png"/>
<file href="res/ES-Donnees-03.PNG"/>
<file href="res/ES-Acces-03_1.png"/>
<file href="res/GIcone-Introduction.png"/>
<file href="res/ER-Documents-06_1.png"/>
<file href="res/ES-CopierDocumentsDeSauvegarde-03.PNG"/>
<file href="res/Ecran06_01-DoliWamp_1.png"/>
<file href="res/GIcone-Super.png"/>
<file href="res/E-ModuleExtern-03_1.png"/>
<file href="res/E-ModuleExtern-14.png"/>
<file href="res/GIcone-DoliMutualise.jpg"/>
<file href="res/Ecran11_01-DoliWamp_1.png"/>
<file href="res/E-ModuleExtern-12_1_1.png"/>
<file href="res/E-ModuleExtern-09_1.png"/>
<file href="res/E-ModuleExtern-07_02_1.png"/>
<file href="res/Ecran05_03-Tel-SF-FireFox.PNG"/>
<file href="res/ES-Documents-02_1.PNG"/>
<file href="res/Ecran03_00-Tel-SF_1.PNG"/>
<file href="res/ES-Donnees-02_1.PNG"/>
<file href="res/PIcone_Admin.png"/>
<file href="res/Ecran02-DoliWamp.png"/>
<file href="res/ES-TelechargerDonnees-03_1.PNG"/>
<file href="res/Ecran08-DoliWamp_1.png"/>
<file href="res/ES-CopierDonneesDeSauvegarde-05.PNG"/>
<file href="res/E-ModuleExtern-07_02.png"/>
<file href="res/ES-TelechargerDocuments-01.PNG"/>
<file href="res/germany-36_21.png"/>
<file href="res/E-ModuleExtern-04_1.png"/>
<file href="res/Ecran04-Tel-SF.PNG"/>
<file href="res/Ecran06_01-DoliWamp.png"/>
<file href="res/Ecran13-DoliWamp_1.png"/>
<file href="res/E-ModuleExtern-03.png"/>
<file href="res/ER-Acces-04.png"/>
<file href="res/E-ModuleExtern-17_1.png"/>
<file href="res/PetitIconDolibarr.png"/>
<file href="res/E-ModuleExtern-15_1.png"/>
<file href="res/Ecran01_01-Tel-FR_1.png"/>
<file href="res/ER-Donnees-04.png"/>
<file href="res/Ecran15-DoliWamp.png"/>
<file href="res/ES-Documents-01.PNG"/>
<file href="res/ES-TelechargerDonnees-03.PNG"/>
<file href="res/Ecran04-DoliWamp_1.png"/>
<file href="res/E-ModuleExtern-12_1.png"/>
<file href="res/Ecran03_00-DoliWamp.png"/>
<file href="res/E-ModuleExtern-07_01.png"/>
<file href="res/Dolibarr.png"/>
<file href="res/greece-36_24.png"/>
<file href="res/ES-Principal-01_1.png"/>
<file href="res/Ecran01_02-DoliWamp.png"/>
<file href="res/ER-Documents-04.png"/>
<file href="res/Ecran10-DoliWamp_1.png"/>
<file href="res/ER-Donnees-01.png"/>
<file href="res/Ecran02_00-Tel-ORG.PNG"/>
<file href="res/E-ModuleExtern-14_1.png"/>
<file href="res/Logo.png"/>
<file href="res/Ecran01_01-DliWamp.png"/>
<file href="res/Ecran12_00-DoliWamp.png"/>
<file href="res/Ecran05_01-Tel-SF_1.PNG"/>
<file href="res/EDoliWamp-ServeurWeb-01_1.png"/>
<file href="res/Ecran06_01-Tel-Explerateur_1.PNG"/>
<file href="res/Ecran12_01-DoliWamp.png"/>
<file href="res/Ecran05_00-Tel-SF.PNG"/>
<file href="res/E-ModuleExtern-17.png"/>
<file href="res/Ecran07_00-DoliWamp_1.png"/>
<file href="res/Ecran01_00-DoliWamp.png"/>
<file href="res/E-ModuleExtern-07_00_1.png"/>
<file href="res/E-ModuleExtern-09.png"/>
<file href="res/Ecran01_01-Tel-FR.png"/>
<file href="res/E-ModuleExtern-07_00.png"/>
<file href="res/Ecran03_01-Tel-SF.PNG"/>
<file href="res/ER-Acces-03.png"/>
<file href="res/Ecran13-DoliWamp.png"/>
<file href="res/Ecran01_00-Tel-ORG_1.PNG"/>
<file href="res/E-ModuleExtern-05.png"/>
<file href="res/ER-Donnees-05_1.png"/>
<file href="res/EME-EconeRecherche.png"/>
<file href="res/E-ModuleExtern-06_00_1.png"/>
<file href="res/Ecran02_01-Tel-FR.PNG"/>
<file href="res/EDoliWamp-ServeurWeb-01.png"/>
<file href="res/ER-Acces-03_1.png"/>
<file href="res/Ecran06_00-DoliWamp_1.png"/>
<file href="res/E-ModuleExtern-13.png"/>
<file href="res/Ecran16_02-DoliWamp.png"/>
<file href="res/ES-TelechargerDonnees-01_1.PNG"/>
<file href="res/Ecran14_00-DoliWamp.png"/>
<file href="res/ER-Documents-04_1.png"/>
<file href="res/ER-Documents-03_1.png"/>
<file href="res/ES-Acces-04_1.png"/>
<file href="res/Ecran06_01-Tel-Explerateur.PNG"/>
<file href="res/ER-Documents-02_1.png"/>
<file href="res/GIcone-DoliIdentIfication.png"/>
<file href="res/ES-Documents-02.PNG"/>
<file href="res/E-ModuleExtern-10.png"/>
<file href="res/Ecran05_02-Tel-SF_1.PNG"/>
<file href="res/Ecran05-DoliWamp_1.png"/>
<file href="res/E-ModuleExtern-16.png"/>
<file href="res/EcranAnnuler-DoliWamp.png"/>
<file href="res/ES-TelechargerDonnees-01.PNG"/>
<file href="res/Ecran05_02-Tel-SF.PNG"/>
<file href="res/Ecran05_01-Tel-SF.PNG"/>
<file href="res/ES-Donnees-03_1.PNG"/>
<file href="res/ER-Donnees-02_1.png"/>
<file href="res/Ecran04-Tel-SF_1.PNG"/>
<file href="res/Ecran03_01-Tel-SF_1.PNG"/>
<file href="res/E-ModuleExtern-08_1.png"/>
<file href="res/ES-Donnees-02.PNG"/>
<file href="res/ES-Acces-03.png"/>
<file href="res/Ecran06_00-DoliWamp.png"/>
<file href="res/PIcone_Clef.png"/>
<file href="res/Ecran03_00-Tel-SF.PNG"/>
<file href="res/E-ModuleExtern-12.png"/>
<file href="res/ES-CopierDocumentsDeSauvegarde-02_1.PNG"/>
<file href="res/E-ModuleExtern-04.png"/>
<file href="res/Ecran11_01-DoliWamp.png"/>
<file href="res/Ecran09-DoliWamp.png"/>
<file href="res/ER-Donnees-03_1.png"/>
<file href="res/ES-CopierDonneesDeSauvegarde-05_1.PNG"/>
<file href="res/GIcone-DemarrerDoli.png"/>
<file href="res/Ecran16_00-DoliWamp.png"/>
<file href="res/Ecran11_00-DoliWamp.png"/>
<file href="res/E-ModuleExtern-11_1.png"/>
<file href="res/Ecran02_00-Tel-ORG_1.PNG"/>
<file href="res/Ecran03_00-DoliWamp_1.png"/>
<file href="res/Ecran10-DoliWamp.png"/>
<file href="res/Ecran02-DoliWamp_1.png"/>
<file href="lib-sc/scSiLib.js"/>
<file href="lib-sc/scTiLib.js"/>
<file href="lib-sc/scAssmntMgr.js"/>
<file href="lib-sc/scDragMgr.js"/>
<file href="lib-sc/assmntDhtmlTransf/empty.gif"/>
<file href="lib-sc/assmntDhtmlTransf/select.gif"/>
<file href="lib-sc/scTooltipMgr.js"/>
<file href="lib-sc/scPaLib.js"/>
<file href="lib-sc/scDynUiMgr.js"/>
<file href="lib-sc/scMapMgr.js"/>
<file href="lib-sc/scCoLib.js"/>
</resource>
</resources>
</manifest>
