<?xml version="1.0" encoding="UTF-8"?>
<manifest xmlns:xsi="http://www.w3.org/2001/XMLSchema-instance" xmlns:adlcp="http://www.adlnet.org/xsd/adlcp_rootv1p2" xmlns="http://www.imsproject.org/xsd/imscp_rootv1p1p2" identifier="C_DolibarrSetup-FR" version="1.1" xsi:schemaLocation="http://www.imsproject.org/xsd/imscp_rootv1p1p2 imscp_rootv1p1p2.xsd                   http://www.imsglobal.org/xsd/imsmd_rootv1p2p1 imsmd_rootv1p2p1.xsd                   http://www.adlnet.org/xsd/adlcp_rootv1p2 adlcp_rootv1p2.xsd">
<metadata>
<schema>ADL SCORM</schema>
<schemaversion>1.2</schemaversion>
</metadata>
<organizations default="O_C_DolibarrSetup-FR">
<organization identifier="O_C_DolibarrSetup-FR">
<title><![CDATA[C_DolibarrSetup-FR]]></title>
<item identifier="I_sco_kIqSe0MUADfx0vw6UIUwzh_n1" identifierref="R_sco_kIqSe0MUADfx0vw6UIUwzh_n1" isvisible="true">
<title><![CDATA[Configuration de Dolibarr]]></title>
</item>
</organization>
</organizations>
<resources>
<resource identifier="R_sco_kIqSe0MUADfx0vw6UIUwzh_n1" type="webcontent" adlcp:scormtype="sco" href="co/ctx_item-a.html">
<dependency identifierref="fullResList"/>
</resource>
<resource identifier="fullResList" type="webcontent" adlcp:scormtype="asset">
<file href="co/plan.html"/>
<file href="co/Cours_10.html"/>
<file href="co/Cours_60.html"/>
<file href="co/CON_Q050_qcu_1.html"/>
<file href="co/CON_Q090_qcu.html"/>
<file href="co/Cours_5.html"/>
<file href="co/CON_Q130_categ_1.html"/>
<file href="co/CON_Q040_qcmImage_1.html"/>
<file href="co/Cours_23.html"/>
<file href="co/CON_Q060_qcuImage_1.html"/>
<file href="co/CON_Q140_categ.html"/>
<file href="co/CON_Q090_qcu_1.html"/>
<file href="co/Cours_web_2.html"/>
<file href="co/Cours_35.html"/>
<file href="co/CON_Q130_categ.html"/>
<file href="co/Cours_1.html"/>
<file href="co/Cours_54.html"/>
<file href="co/CON_Q080_qcu.html"/>
<file href="co/Cours_15.html"/>
<file href="co/Cours_26.html"/>
<file href="co/Cours_22.html"/>
<file href="co/Cours_12.html"/>
<file href="co/Cours_20.html"/>
<file href="co/Cours_17.html"/>
<file href="co/Cours_web.html"/>
<file href="co/CON_Q100_qcu.html"/>
<file href="co/Cours_45.html"/>
<file href="co/Cours_61.html"/>
<file href="co/Cours_32.html"/>
<file href="co/Cours_27.html"/>
<file href="co/CON_Q070_qcu.html"/>
<file href="co/Cours_58.html"/>
<file href="co/Cours_47.html"/>
<file href="co/Cours_62.html"/>
<file href="co/CON_Q030_qcmImage.html"/>
<file href="co/Cours_9.html"/>
<file href="co/Cours_19.html"/>
<file href="co/Cours_2.html"/>
<file href="co/Cours_8.html"/>
<file href="co/CON_Q140_categ_1.html"/>
<file href="co/Cours.txt"/>
<file href="co/CON_Q110_qcu.html"/>
<file href="co/Cours_66.html"/>
<file href="co/CON_Q120_qcu_1.html"/>
<file href="co/CON_Q050_qcu.html"/>
<file href="co/index.txt"/>
<file href="co/Cours_28.html"/>
<file href="co/Cours_16.html"/>
<file href="co/Cours_38.html"/>
<file href="co/Cours_24.html"/>
<file href="co/CON_Q120_qcu.html"/>
<file href="co/Cours_31.html"/>
<file href="co/CON_Q020_qcuImage_1.html"/>
<file href="co/Cours_49.html"/>
<file href="co/Cours_web_1.html"/>
<file href="co/Cours_50.html"/>
<file href="co/Cours_65.html"/>
<file href="co/Cours_53.html"/>
<file href="co/Cours_34.html"/>
<file href="co/Cours_40.html"/>
<file href="co/CON_Q020_qcuImage.html"/>
<file href="co/Cours_59.html"/>
<file href="co/CON_Q030_qcmImage_1.html"/>
<file href="co/CON_Q100_qcu_1.html"/>
<file href="co/Cours_56.html"/>
<file href="co/Cours_7.html"/>
<file href="co/Cours_36.html"/>
<file href="co/Cours_30.html"/>
<file href="co/Cours_13.html"/>
<file href="co/Cours_21.html"/>
<file href="co/Cours_11.html"/>
<file href="co/Cours_64.html"/>
<file href="co/Cours.html"/>
<file href="co/Cours_33.html"/>
<file href="co/CON_Q070_qcu_1.html"/>
<file href="co/Cours_52.html"/>
<file href="co/Cours_55.html"/>
<file href="co/Cours_6.html"/>
<file href="co/Cours_37.html"/>
<file href="co/Cours_43.html"/>
<file href="co/CON_Q060_qcuImage.html"/>
<file href="co/Cours_63.html"/>
<file href="co/GrainSecurite_1.html"/>
<file href="co/CON_Q080_qcu_1.html"/>
<file href="co/Cours_44.html"/>
<file href="co/GrainSecurite.html"/>
<file href="co/CON_Q110_qcu_1.html"/>
<file href="co/Cours_46.html"/>
<file href="co/ctx_item-a.html"/>
<file href="co/Cours_39.html"/>
<file href="co/Cours_25.html"/>
<file href="co/Cours_57.html"/>
<file href="co/CON_Q040_qcmImage.html"/>
<file href="co/Cours_48.html"/>
<file href="co/Cours_41.html"/>
<file href="co/Cours_3.html"/>
<file href="co/Cours_42.html"/>
<file href="co/Cours_14.html"/>
<file href="co/Cours_67.html"/>
<file href="co/Cours_29.html"/>
<file href="co/Cours_18.html"/>
<file href="co/Cours_4.html"/>
<file href="co/Cours_51.html"/>
<file href="lib-md/w_mathjax/mathjaxMgr.js"/>
<file href="lib-md/w_outMgr/outMgr.js"/>
<file href="lib-md/w_scMediaMgr/scMediaMgr.js"/>
<file href="lib-md/s_lmsHack/lmsHack.js"/>
<file href="lib-md/w_scImgMgr/scImgMgr.css"/>
<file href="lib-md/w_scImgMgr/scImgMgr.js"/>
<file href="lib-md/s_scorm.js"/>
<file href="lib-md/w_tplMgr/tplMgr.js"/>
<file href="lib-md/w_scCodeMgr/scCodeMgr.js"/>
<file href="lib-md/w_scCodeMgr/scCodeMgr.css"/>
<file href="lib-md/s_markedPages/markedPage.js"/>
<file href="lib-md/w_scormMgr/scormMgr.js"/>
<file href="lib-md/s_scSearch/scSearch.js"/>
<file href="lib-md/w_searchMgr/searchMgr.js"/>
<file href="skin/img/richStream/videoPlayPause.svg"/>
<file href="skin/img/richStream/compl.svg"/>
<file href="skin/img/richStream/icons.svg"/>
<file href="skin/img/tpl/back-root.png"/>
<file href="skin/img/tpl/button-resume.svg"/>
<file href="skin/img/tpl/schMnuTgle.svg"/>
<file href="skin/img/tpl/code.png"/>
<file href="skin/img/tpl/schBtn.svg"/>
<file href="skin/img/tpl/find.svg"/>
<file href="skin/img/tpl/scBtn.png"/>
<file href="skin/img/lic/zero.png"/>
<file href="skin/img/lic/by-nc-nd.png"/>
<file href="skin/img/lic/by.png"/>
<file href="skin/img/lic/gnu-fdl.png"/>
<file href="skin/img/lic/by-nc.png"/>
<file href="skin/img/lic/by-nc-sa.png"/>
<file href="skin/img/lic/by-sa.png"/>
<file href="skin/img/lic/by-nd.png"/>
<file href="skin/img/lic/publicdomain.png"/>
<file href="skin/img/player/icons.svg"/>
<file href="skin/css/main.css"/>
<file href="skin/css/print.css"/>
<file href="skin/css/skin.css"/>
<file href="skin/font/fontello.woff"/>
<file href="skin/font/fontello.eot"/>
<file href="skin/font/fontello.svg"/>
<file href="skin/font/fontello.ttf"/>
<file href="skin/font/fontello.woff2"/>
<file href="skin/js/skin.js"/>
<file href="skin/player/mp3.txt"/>
<file href="skin/player/flv.txt"/>
<file href="skin/player/mp4.txt"/>
<file href="res/Ecran1_1.png"/>
<file href="res/Ecran57.png"/>
<file href="res/Ecran80_1.png"/>
<file href="res/Ecran21_2.png"/>
<file href="res/Ecran24_1.png"/>
<file href="res/Ecran49.png"/>
<file href="res/Ecran26_1.png"/>
<file href="res/Bouton9.png"/>
<file href="res/Quiz3.png"/>
<file href="res/bouton4.png"/>
<file href="res/Ecran42_2.png"/>
<file href="res/Ecran26.png"/>
<file href="res/Ecran51_2.png"/>
<file href="res/Ecran79_1.png"/>
<file href="res/Ecran6.png"/>
<file href="res/Ecran25_1.png"/>
<file href="res/Ecran33.png"/>
<file href="res/Ecran1.png"/>
<file href="res/Ecran31.png"/>
<file href="res/Ecran41_1.png"/>
<file href="res/Bouton5.png"/>
<file href="res/Ecran91_1.png"/>
<file href="res/Ecran44_1.png"/>
<file href="res/Ecran75.png"/>
<file href="res/bouton14.png"/>
<file href="res/Ecran39.png"/>
<file href="res/Bouton3.png"/>
<file href="res/Ecran60_2.png"/>
<file href="res/Ecran80_2.png"/>
<file href="res/Ecran89.png"/>
<file href="res/bouton6_1.png"/>
<file href="res/Ecran36_1.png"/>
<file href="res/Ecran17.png"/>
<file href="res/Ecran6_1.png"/>
<file href="res/Ecran5_1.png"/>
<file href="res/Ecran38.png"/>
<file href="res/Ecran45.png"/>
<file href="res/Ecran56_2.png"/>
<file href="res/Ecran29_1.png"/>
<file href="res/Ecran33_2.png"/>
<file href="res/Ecran48_1.png"/>
<file href="res/Quiz2.png"/>
<file href="res/Ecran64.png"/>
<file href="res/Ecran28.png"/>
<file href="res/Ecran27_2.png"/>
<file href="res/Ecran71_1.png"/>
<file href="res/bouton1.png"/>
<file href="res/Ecran65.png"/>
<file href="res/Ecran70_1.png"/>
<file href="res/Ecran51.png"/>
<file href="res/Ecran90.png"/>
<file href="res/Ecran91.png"/>
<file href="res/Ecran27_1.png"/>
<file href="res/Ecran82.png"/>
<file href="res/Ecran5.png"/>
<file href="res/Ecran64_1.png"/>
<file href="res/Ecran10_1.png"/>
<file href="res/Ecran87_1.png"/>
<file href="res/icone5.png"/>
<file href="res/Ecran51_1.png"/>
<file href="res/Ecran11_1.png"/>
<file href="res/LogoLOGO.png"/>
<file href="res/Ecran59.png"/>
<file href="res/Ecran3_1.png"/>
<file href="res/Ecran10.png"/>
<file href="res/Ecran53_2.png"/>
<file href="res/Ecran13_1.png"/>
<file href="res/Ecran68.png"/>
<file href="res/Ecran63_1.png"/>
<file href="res/Ecran73_1.png"/>
<file href="res/Ecran34_2.png"/>
<file href="res/Ecran2.png"/>
<file href="res/Ecran40_2.png"/>
<file href="res/Ecran78_1.png"/>
<file href="res/Ecran57_1.png"/>
<file href="res/Ecran22_1.png"/>
<file href="res/Ecran66_1.png"/>
<file href="res/Ecran50.png"/>
<file href="res/Ecran16.png"/>
<file href="res/Icone7.png"/>
<file href="res/Ecran22.png"/>
<file href="res/Ecran19_1.png"/>
<file href="res/Ecran21_1.png"/>
<file href="res/Ecran13_2.png"/>
<file href="res/Ecran55.png"/>
<file href="res/Ecran48_2.png"/>
<file href="res/Ecran57_2.png"/>
<file href="res/Ecran89_2.png"/>
<file href="res/Ecran55_2.png"/>
<file href="res/Bouton8.png"/>
<file href="res/Ecran34_1.png"/>
<file href="res/Ecran58_1.png"/>
<file href="res/Ecran64_2.png"/>
<file href="res/Ecran21.png"/>
<file href="res/Ecran16_1.png"/>
<file href="res/Ecran60.png"/>
<file href="res/Bouton13.png"/>
<file href="res/Ecran46_1.png"/>
<file href="res/Ecran88.png"/>
<file href="res/Ecran31_2.png"/>
<file href="res/Ecran72_2.png"/>
<file href="res/Ecran73_2.png"/>
<file href="res/Ecran39_2.png"/>
<file href="res/Ecran29_2.png"/>
<file href="res/Ecran17_1.png"/>
<file href="res/Ecran68_1.png"/>
<file href="res/Ecran54_2.png"/>
<file href="res/Ecran43_1.png"/>
<file href="res/Ecran23_2.png"/>
<file href="res/bouton6.png"/>
<file href="res/Ecran37_1.png"/>
<file href="res/Ecran65_2.png"/>
<file href="res/bouton2.png"/>
<file href="res/Ecran81_2.png"/>
<file href="res/Ecran40.png"/>
<file href="res/Ecran58_2.png"/>
<file href="res/Ecran39_1.png"/>
<file href="res/Ecran32_1.png"/>
<file href="res/Ecran66_2.png"/>
<file href="res/Ecran31_1.png"/>
<file href="res/Ecran82_1.png"/>
<file href="res/Ecran9_2.png"/>
<file href="res/Ecran78_2.png"/>
<file href="res/icone3.png"/>
<file href="res/Ecran43_2.png"/>
<file href="res/Ecran49_2.png"/>
<file href="res/Bouton5_1.png"/>
<file href="res/Ecran6_2.png"/>
<file href="res/Ecran25_2.png"/>
<file href="res/Ecran53_1.png"/>
<file href="res/Ecran59_1.png"/>
<file href="res/Ecran46_2.png"/>
<file href="res/Ecran81_1.png"/>
<file href="res/Ecran36_2.png"/>
<file href="res/Ecran85.png"/>
<file href="res/Ecran34.png"/>
<file href="res/Ecran14.png"/>
<file href="res/Ecran84.png"/>
<file href="res/Ecran58.png"/>
<file href="res/Ecran75_1.png"/>
<file href="res/Icone4.png"/>
<file href="res/Ecran35_2.png"/>
<file href="res/Ecran67.png"/>
<file href="res/Ecran61.png"/>
<file href="res/bouton12.png"/>
<file href="res/Ecran73.png"/>
<file href="res/Ecran65_1.png"/>
<file href="res/Icone11.png"/>
<file href="res/Ecran77_2.png"/>
<file href="res/Ecran24.png"/>
<file href="res/Ecran22_2.png"/>
<file href="res/Ecran32.png"/>
<file href="res/Ecran74_1.png"/>
<file href="res/Ecran50_2.png"/>
<file href="res/Ecran38_2.png"/>
<file href="res/Dolibarr.png"/>
<file href="res/Ecran19.png"/>
<file href="res/Ecran40_1.png"/>
<file href="res/Ecran88_1.png"/>
<file href="res/Ecran70_2.png"/>
<file href="res/Ecran18.png"/>
<file href="res/Ecran46.png"/>
<file href="res/Ecran20.png"/>
<file href="res/Ecran37_2.png"/>
<file href="res/Ecran75_2.png"/>
<file href="res/icone2.png"/>
<file href="res/Ecran71.png"/>
<file href="res/Bouton9_1.png"/>
<file href="res/Ecran47_1.png"/>
<file href="res/Ecran33_1.png"/>
<file href="res/Ecran25.png"/>
<file href="res/Ecran83_1.png"/>
<file href="res/Icone9.png"/>
<file href="res/Ecran44_2.png"/>
<file href="res/Ecran8_2.png"/>
<file href="res/Ecran61_2.png"/>
<file href="res/Ecran20_2.png"/>
<file href="res/Ecran20_1.png"/>
<file href="res/Ecran54_1.png"/>
<file href="res/Ecran63.png"/>
<file href="res/Ecran7.png"/>
<file href="res/Ecran50_1.png"/>
<file href="res/Logo.png"/>
<file href="res/Ecran2_1.png"/>
<file href="res/Ecran29.png"/>
<file href="res/Ecran5_2.png"/>
<file href="res/Ecran87_2.png"/>
<file href="res/Ecran74_2.png"/>
<file href="res/Ecran79_2.png"/>
<file href="res/Ecran35_1.png"/>
<file href="res/Ecran60_1.png"/>
<file href="res/Ecran77_1.png"/>
<file href="res/Ecran66.png"/>
<file href="res/Ecran13.png"/>
<file href="res/Ecran4_1.png"/>
<file href="res/Ecran52.png"/>
<file href="res/Ecran54.png"/>
<file href="res/Ecran18_2.png"/>
<file href="res/Ecran77.png"/>
<file href="res/Ecran85_1.png"/>
<file href="res/Ecran55_1.png"/>
<file href="res/Ecran7_2.png"/>
<file href="res/Ecran16_2.png"/>
<file href="res/Ecran47_2.png"/>
<file href="res/Ecran36.png"/>
<file href="res/Ecran3.png"/>
<file href="res/Ecran68_2.png"/>
<file href="res/Ecran45_2.png"/>
<file href="res/Ecran27.png"/>
<file href="res/Ecran11.png"/>
<file href="res/Ecran30_2.png"/>
<file href="res/Ecran52_1.png"/>
<file href="res/Ecran41_2.png"/>
<file href="res/Ecran47.png"/>
<file href="res/bouton10.png"/>
<file href="res/Icone6.png"/>
<file href="res/Ecran7_1.png"/>
<file href="res/Ecran72.png"/>
<file href="res/Ecran59_2.png"/>
<file href="res/Ecran72_1.png"/>
<file href="res/Icone12.png"/>
<file href="res/Ecran9.png"/>
<file href="res/Ecran4.png"/>
<file href="res/Ecran24_2.png"/>
<file href="res/Ecran74.png"/>
<file href="res/Ecran80.png"/>
<file href="res/Ecran86_1.png"/>
<file href="res/Ecran67_1.png"/>
<file href="res/Ecran8_1.png"/>
<file href="res/Ecran38_1.png"/>
<file href="res/Ecran83_2.png"/>
<file href="res/Ecran62_1.png"/>
<file href="res/Ecran23_1.png"/>
<file href="res/Ecran45_1.png"/>
<file href="res/Ecran28_1.png"/>
<file href="res/Ecran52_2.png"/>
<file href="res/Ecran67_2.png"/>
<file href="res/Ecran84_1.png"/>
<file href="res/Ecran84_2.png"/>
<file href="res/bouton7.png"/>
<file href="res/Ecran87.png"/>
<file href="res/Ecran32_2.png"/>
<file href="res/Ecran15.png"/>
<file href="res/Ecran78.png"/>
<file href="res/Ecran41.png"/>
<file href="res/Ecran90_1.png"/>
<file href="res/Ecran82_2.png"/>
<file href="res/Ecran17_2.png"/>
<file href="res/Ecran15_2.png"/>
<file href="res/Ecran61_1.png"/>
<file href="res/Ecran26_2.png"/>
<file href="res/Ecran35.png"/>
<file href="res/Ecran86.png"/>
<file href="res/Ecran86_2.png"/>
<file href="res/Ecran14_2.png"/>
<file href="res/Ecran15_1.png"/>
<file href="res/Introduction.png"/>
<file href="res/Ecran44.png"/>
<file href="res/Ecran30.png"/>
<file href="res/Ecran53.png"/>
<file href="res/icone1.png"/>
<file href="res/Ecran56_1.png"/>
<file href="res/Ecran62_2.png"/>
<file href="res/Ecran43.png"/>
<file href="res/Ecran69_2.png"/>
<file href="res/Ecran23.png"/>
<file href="res/Ecran79.png"/>
<file href="res/Ecran14_1.png"/>
<file href="res/Ecran18_1.png"/>
<file href="res/Ecran63_2.png"/>
<file href="res/Ecran30_1.png"/>
<file href="res/Ecran28_2.png"/>
<file href="res/Ecran81.png"/>
<file href="res/Icone10.png"/>
<file href="res/Ecran1_2.png"/>
<file href="res/Ecran71_2.png"/>
<file href="res/Ecran11_2.png"/>
<file href="res/Ecran62.png"/>
<file href="res/Ecran69_1.png"/>
<file href="res/Ecran56.png"/>
<file href="res/Ecran42_1.png"/>
<file href="res/Ecran83.png"/>
<file href="res/bouton11.png"/>
<file href="res/Ecran2_2.png"/>
<file href="res/Ecran37.png"/>
<file href="res/Ecran8.png"/>
<file href="res/Ecran69.png"/>
<file href="res/Ecran49_1.png"/>
<file href="res/Ecran88_2.png"/>
<file href="res/Ecran19_2.png"/>
<file href="res/Ecran89_1.png"/>
<file href="res/Ecran70.png"/>
<file href="res/Ecran48.png"/>
<file href="res/Ecran85_2.png"/>
<file href="res/Ecran9_1.png"/>
<file href="res/Ecran42.png"/>
<file href="lib-sc/scSiLib.js"/>
<file href="lib-sc/scTiLib.js"/>
<file href="lib-sc/scAssmntMgr.js"/>
<file href="lib-sc/scDragMgr.js"/>
<file href="lib-sc/assmntDhtmlTransf/empty.gif"/>
<file href="lib-sc/assmntDhtmlTransf/select.gif"/>
<file href="lib-sc/scTooltipMgr.js"/>
<file href="lib-sc/scPaLib.js"/>
<file href="lib-sc/scDynUiMgr.js"/>
<file href="lib-sc/scMapMgr.js"/>
<file href="lib-sc/scCoLib.js"/>
</resource>
</resources>
</manifest>
